Grp;1
Chord;1
Chord;3
Chord;6
Chord;9
Grp;13
Chord;15
Chord;21
Grp;25
Chord;27
Chord;30
Chord;33
Grp;36
Chord;36
Chord;39
Chord;42
Chord;45
Grp;49
Chord;51
Chord;54
Chord;57
Grp;61
Chord;63
Chord;69
Grp;73
Chord;75
Chord;81
Grp;87
Chord;87
Chord;93
Grp;96
Chord;96
Chord;99
Chord;105
Grp;108
Chord;108
Chord;111
Chord;117
Grp;120
Chord;120
Chord;123
Chord;126
Chord;129
Grp;132
Chord;132
Chord;135
Chord;138
Chord;141
Grp;144
Chord;144
Chord;147
Chord;153
Grp;156
Chord;156
Chord;159
Chord;165
Grp;168
Chord;168
Chord;171
Chord;174
Chord;177
Grp;180
Chord;180
Chord;183
Chord;186
Chord;189