Grp;3
Chord;3
Chord;9
Chord;12
Grp;15
Chord;15
Chord;18
Chord;20
Chord;24
Grp;27
Chord;27
Chord;30
Chord;32
Chord;33
Grp;39
Chord;39
Chord;42
Chord;44
Chord;45
Grp;51
Chord;51
Chord;53
Chord;54
Chord;56
Chord;57
Grp;63
Chord;63
Chord;66
Chord;69
Grp;75
Chord;75
Chord;77
Chord;78
Chord;80
Chord;81
Grp;87
Chord;87
Chord;90
Chord;93
Grp;97.5
Chord;97.5
Grp;99
Chord;99
Grp;103
Chord;103
Chord;107
Chord;109
Grp;115
Chord;115
Chord;119
Chord;121
Grp;123
Chord;123
Chord;127
Chord;129
Grp;131
Chord;131
Chord;133
Chord;135
Chord;137
Grp;139
Chord;139
Chord;141
Chord;143
Chord;145