Grp;4
Chord;4
Chord;8
Chord;12
Chord;14
Chord;16
Grp;20
Chord;20
Chord;24
Chord;28
Chord;30
Chord;32
Grp;40
Chord;40
Chord;48
Chord;52
Grp;56
Chord;56
Chord;64
Chord;68
Grp;76
Chord;76
Chord;90
Grp;92
Chord;92
Chord;100
Chord;104
Chord;108
Chord;112
Grp;116
Chord;116
Grp;128
Chord;128
Chord;136
Chord;142
Grp;144
Chord;144
Chord;148
Chord;152
Chord;156
Grp;160
Chord;160
Chord;164
Chord;168
Chord;172
Chord;176
Grp;180
Chord;180
Chord;184
Chord;186
Grp;196
Chord;196
Chord;200
Chord;202
Chord;204
Chord;206
Chord;208
Grp;216
Chord;216
Grp;228
Chord;228
Chord;236
Chord;240
Grp;244
Chord;244
Chord;248
Chord;252
Chord;256
Grp;260
Chord;260
Chord;264
Chord;268
Chord;272
Chord;276
Grp;280
Chord;280
Chord;284
Chord;288
Grp;296
Chord;296
Chord;300
Chord;304
Grp;312
Chord;312
Chord;320
Chord;324
Grp;328
Chord;328
Chord;336
Chord;340
Chord;341
Chord;342